John,Doe,15,2025-03-09,08:30,101
Jane,Smith,16,2025-03-09,,102
Mike,Johnson,17,2025-03-09,09:00,101
Emily,Davis,14,2025-03-09,,103
David,Williams,18,2025-03-09,08:45,102
Olivia,Brown,15,2025-03-09,,104
Liam,Miller,17,2025-03-09,08:30,105
Sophia,Wilson,16,2025-03-09,09:15,106
Mason,Taylor,18,2025-03-09,08:00,101
Isabella,Moore,14,2025-03-09,,107
Lucas,Harris,17,2025-03-09,09:30,102
Mia,Clark,15,2025-03-09,,108
Ethan,Lewis,16,2025-03-09,08:20,105
Chloe,Walker,14,2025-03-09,,109
Aiden,Young,18,2025-03-09,08:45,110
Harper,Allen,17,2025-03-09,08:50,101
James,Scott,16,2025-03-09,,102
Amelia,King,15,2025-03-09,09:05,103
Benjamin,Wright,14,2025-03-09,,104
Lily,Adams,16,2025-03-09,09:00,106